accuracy,auc,precision,recall,f1,tp,tn,fp,fn,total
0.587189226519337,0.6009357275749436,0.7044854881266491,0.35469943540352045,0.47183565275016565,1068,2333,448,1943,5792
