epoch,train_loss,train_acc,train_auc,val_loss,val_acc,val_auc
0,0.5822885964588487,0.6695237278934888,0.7394320550597079,0.4859868330850127,0.7498273480662984,0.8421110673707456
1,0.4494922094261853,0.7728779177737779,0.8701030457595855,0.4511456604820588,0.7765883977900553,0.8642232337544602
2,0.381880177634569,0.8160623982171938,0.909196245001934,0.4706225813423072,0.7734806629834254,0.8638431226816964
3,0.3152282562165706,0.854247021513671,0.9405906855162242,0.4937955664666318,0.7771063535911602,0.8690733734798133
4,0.2473379549434439,0.8900317133796177,0.9638988240075118,0.5627609290470734,0.7753798342541437,0.8679357488237555
5,0.1876448185181591,0.9206736950372848,0.9793432510048596,0.6681693686964763,0.7715814917127072,0.8663972676774296
6,0.1489672589406283,0.9382160509699724,0.9867786647970408,0.7486441326404804,0.7774516574585635,0.8665050881901932
7,0.1313080292145377,0.9464015313848175,0.9895156113438699,0.7737792042078893,0.7760704419889503,0.8662537995731101
