accuracy,auc,precision,recall,f1,tp,tn,fp,fn,total
0.7382596685082873,0.8279342757486006,0.7258990631610759,0.7977416140817004,0.7601265822784811,2402,1874,907,609,5792
