epoch,train_loss,train_acc,train_auc,val_loss,val_acc,val_auc
0,0.6289671437082514,0.6225107854061313,0.6753062991861367,0.6092282665368601,0.6712707182320442,0.7350597156854383
1,0.5359310750136944,0.716508099768578,0.8009579855053842,0.6084352050038332,0.6659185082872928,0.7780938366907966
2,0.4360760303535569,0.7833490471700808,0.8784484058354362,0.5290298251157307,0.7380870165745856,0.8271735098466624
3,0.351290339299779,0.8360475414988143,0.9248403287451776,0.5509436308349693,0.7593232044198895,0.8458890935006085
4,0.2908023580474951,0.8689466015256707,0.948991341354668,0.5636788945830329,0.7632941988950276,0.8465852427188967
5,0.2480588693035823,0.8925744978714893,0.9630342716871496,0.5663726273821204,0.7733080110497238,0.8594596684136999
6,0.2236260062186896,0.9050884260449702,0.9698317971215972,0.5734185518810103,0.773135359116022,0.8625821395949181
7,0.21495177899398843,0.9081883374760721,0.9719909222935373,0.5865948358293396,0.7805593922651933,0.8630506030520424
