accuracy,auc,precision,recall,f1,tp,tn,fp,fn,total
0.7722720994475138,0.8584840124147454,0.7816245006657789,0.7798073729657921,0.7807148794679967,2348,2125,656,663,5792
