epoch,train_loss,train_acc,train_auc,val_loss,val_acc,val_auc
0,0.6026422799762625,0.6527956344104454,0.7171258248213533,0.5198723833534599,0.7151243093922652,0.8178717490912871
1,0.4652819238435588,0.7615353847032942,0.8583398031802976,0.46081944048734,0.7719267955801105,0.8587698054684065
2,0.3837953627250872,0.8169195165852404,0.9082761889237996,0.4681014731444048,0.7765883977900553,0.8665169020707796
3,0.3053224597626803,0.8630753407045513,0.9445727307626344,0.5032603529935383,0.7786602209944752,0.8667422527017526
4,0.2277734481707828,0.9028599182880488,0.9694393770215696,0.5732159449909273,0.7743439226519337,0.8634515672325664
5,0.169388725680132,0.930916259535442,0.9829702529493276,0.6695303238557847,0.7707182320441989,0.8643113319421616
6,0.1293655812743731,0.949030027713494,0.9898141904694776,0.7860217117472906,0.7738259668508287,0.8623801834406755
7,0.11226040734248122,0.9558726893517329,0.9921650283624236,0.8109423982504324,0.7712361878453039,0.8631933039472234
