accuracy,auc,precision,recall,f1,tp,tn,fp,fn,total
0.7303176795580111,0.8115512209755646,0.7511265164644714,0.7196944536698772,0.7350746268656716,2167,2063,718,844,5792
