epoch,train_loss,train_acc,train_auc,val_loss,val_acc,val_auc
0,0.6338997156527181,0.6196822947915774,0.6704191936416528,0.6054000729355364,0.6584944751381215,0.732216620005992
1,0.5195598815911865,0.723993600182852,0.8145706063684027,0.5399085451226208,0.7301450276243094,0.8113867819426654
2,0.4193743202974856,0.7914916716665238,0.8877064606449331,0.526750418692004,0.7377417127071824,0.8273485556846546
3,0.3456100438043787,0.8380189137453216,0.92626213543229,0.555433780119564,0.7543162983425414,0.842091435106732
4,0.2914133132055811,0.8706179823433616,0.9487703530528696,0.5496264617087433,0.7669198895027625,0.8551744771634464
5,0.2507458565671159,0.8899174309305449,0.9622688531922676,0.5683673185538192,0.7727900552486188,0.8585093923684555
6,0.2275254359677268,0.9023313619610868,0.9687043585271644,0.5894067330255034,0.7771063535911602,0.8610886534439021
7,0.21709797096669323,0.9081169109454016,0.9712078385390293,0.5974956042858777,0.7767610497237569,0.8615492212179817
